USE `aoxiaoyou`;

SET NAMES utf8mb4;
SET FOREIGN_KEY_CHECKS = 0;

SET @seed_openid = 'phase11-seed';
SET @url_story_cover = 'data:image/svg+xml,%3csvg%20xmlns%3d%22http%3a%2f%2fwww.w3.org%2f2000%2fsvg%22%20viewBox%3d%220%200%201200%20720%22%3e%3crect%20width%3d%221200%22%20height%3d%22720%22%20fill%3d%22%23182849%22%2f%3e%3ccircle%20cx%3d%22956%22%20cy%3d%22118%22%20r%3d%2270%22%20fill%3d%22%23f6d588%22%2f%3e%3cpath%20d%3d%22M0%2c530L210%2c420L420%2c520L690%2c320L1200%2c510V720H0Z%22%20fill%3d%22%23c56d41%22%2f%3e%3cpath%20d%3d%22M170%2c540L290%2c420L420%2c470L560%2c370L760%2c430%22%20fill%3d%22none%22%20stroke%3d%22%23ffe9b0%22%20stroke-width%3d%2212%22%20stroke-linecap%3d%22round%22%2f%3e%3c%2fsvg%3e';
SET @url_story_banner = 'data:image/svg+xml,%3csvg%20xmlns%3d%22http%3a%2f%2fwww.w3.org%2f2000%2fsvg%22%20viewBox%3d%220%200%201600%20620%22%3e%3crect%20width%3d%221600%22%20height%3d%22620%22%20fill%3d%22%231d2d4f%22%2f%3e%3cpath%20d%3d%22M0%2c450L260%2c340L520%2c420L820%2c250L1110%2c360L1600%2c240V620H0Z%22%20fill%3d%22%23d98952%22%2f%3e%3cpath%20d%3d%22M150%2c430L420%2c300L700%2c360L970%2c230L1270%2c320L1450%2c280%22%20fill%3d%22none%22%20stroke%3d%22%23ffe0a3%22%20stroke-width%3d%2210%22%20stroke-linecap%3d%22round%22%2f%3e%3c%2fsvg%3e';
SET @url_chapter_1 = 'data:image/svg+xml,%3csvg%20xmlns%3d%22http%3a%2f%2fwww.w3.org%2f2000%2fsvg%22%20viewBox%3d%220%200%201200%20720%22%3e%3crect%20width%3d%221200%22%20height%3d%22720%22%20fill%3d%22%2324476c%22%2f%3e%3ccircle%20cx%3d%22930%22%20cy%3d%22118%22%20r%3d%2268%22%20fill%3d%22%23f5db93%22%2f%3e%3cpath%20d%3d%22M0%2c540L230%2c500L420%2c560L730%2c450L1200%2c520V720H0Z%22%20fill%3d%22%231d3450%22%2f%3e%3cpath%20d%3d%22M230%2c540L300%2c380H390L450%2c540Z%22%20fill%3d%22%23291f20%22%2f%3e%3crect%20x%3d%22290%22%20y%3d%22300%22%20width%3d%22110%22%20height%3d%2280%22%20fill%3d%22%23e8d6af%22%2f%3e%3c%2fsvg%3e';
SET @url_chapter_2 = 'data:image/svg+xml,%3csvg%20xmlns%3d%22http%3a%2f%2fwww.w3.org%2f2000%2fsvg%22%20viewBox%3d%220%200%201200%20720%22%3e%3crect%20width%3d%221200%22%20height%3d%22720%22%20fill%3d%22%238a6649%22%2f%3e%3crect%20y%3d%22500%22%20width%3d%221200%22%20height%3d%22220%22%20fill%3d%22%236e503d%22%2f%3e%3ccircle%20cx%3d%22300%22%20cy%3d%22460%22%20r%3d%2288%22%20fill%3d%22%23e9dcc0%22%2f%3e%3ccircle%20cx%3d%22300%22%20cy%3d%22460%22%20r%3d%2245%22%20fill%3d%22%237f6650%22%2f%3e%3cpath%20d%3d%22M470%2c390L1040%2c320%22%20fill%3d%22none%22%20stroke%3d%22%23fff0c8%22%20stroke-width%3d%2212%22%20stroke-linecap%3d%22round%22%20stroke-dasharray%3d%2226%2018%22%2f%3e%3c%2fsvg%3e';
SET @url_chapter_3 = 'data:image/svg+xml,%3csvg%20xmlns%3d%22http%3a%2f%2fwww.w3.org%2f2000%2fsvg%22%20viewBox%3d%220%200%201200%20720%22%3e%3crect%20width%3d%221200%22%20height%3d%22720%22%20fill%3d%22%235b776d%22%2f%3e%3crect%20x%3d%22140%22%20y%3d%22440%22%20width%3d%22920%22%20height%3d%22210%22%20rx%3d%2226%22%20fill%3d%22%23274039%22%2f%3e%3cpath%20d%3d%22M330%2c440L430%2c260H610L700%2c440Z%22%20fill%3d%22%23efe2c0%22%2f%3e%3cpath%20d%3d%22M430%2c260L520%2c190L610%2c260%22%20fill%3d%22none%22%20stroke%3d%22%23d8c498%22%20stroke-width%3d%2218%22%20stroke-linecap%3d%22round%22%2f%3e%3cpath%20d%3d%22M840%2c350V210%22%20stroke%3d%22%23ffe9b0%22%20stroke-width%3d%2212%22%20stroke-linecap%3d%22round%22%2f%3e%3c%2fsvg%3e';
SET @url_chapter_4 = 'data:image/svg+xml,%3csvg%20xmlns%3d%22http%3a%2f%2fwww.w3.org%2f2000%2fsvg%22%20viewBox%3d%220%200%201200%20720%22%3e%3crect%20width%3d%221200%22%20height%3d%22720%22%20fill%3d%22%236c2933%22%2f%3e%3cpath%20d%3d%22M0%2c540L240%2c480L500%2c560L790%2c430L1200%2c510V720H0Z%22%20fill%3d%22%23231519%22%2f%3e%3cpath%20d%3d%22M760%2c530L820%2c330H900L940%2c255H1010L1065%2c530Z%22%20fill%3d%22%23151013%22%2f%3e%3cpath%20d%3d%22M920%2c400L1084%2c308%22%20stroke%3d%22%23ffe3a0%22%20stroke-width%3d%2220%22%20stroke-linecap%3d%22round%22%2f%3e%3ccircle%20cx%3d%221072%22%20cy%3d%22314%22%20r%3d%2242%22%20fill%3d%22%23ffd46f%22%2f%3e%3c%2fsvg%3e';
SET @url_chapter_5 = 'data:image/svg+xml,%3csvg%20xmlns%3d%22http%3a%2f%2fwww.w3.org%2f2000%2fsvg%22%20viewBox%3d%220%200%201200%20720%22%3e%3crect%20width%3d%221200%22%20height%3d%22720%22%20fill%3d%22%23d79a61%22%2f%3e%3crect%20y%3d%22500%22%20width%3d%221200%22%20height%3d%22220%22%20fill%3d%22%23e8decd%22%2f%3e%3cpath%20d%3d%22M0%2c592C100%2c555%2c200%2c555%2c300%2c592C400%2c629%2c500%2c629%2c600%2c592C700%2c555%2c800%2c555%2c900%2c592C1000%2c629%2c1100%2c629%2c1200%2c592%22%20fill%3d%22none%22%20stroke%3d%22%233f5a6c%22%20stroke-width%3d%2210%22%2f%3e%3crect%20x%3d%22190%22%20y%3d%22340%22%20width%3d%22250%22%20height%3d%22160%22%20rx%3d%2218%22%20fill%3d%22%23f3ebd8%22%2f%3e%3crect%20x%3d%22470%22%20y%3d%22310%22%20width%3d%22170%22%20height%3d%22190%22%20rx%3d%2218%22%20fill%3d%22%23faf2de%22%2f%3e%3crect%20x%3d%22670%22%20y%3d%22348%22%20width%3d%22320%22%20height%3d%22152%22%20rx%3d%2218%22%20fill%3d%22%23f5ecda%22%2f%3e%3c%2fsvg%3e';
SET @url_pin = 'data:image/svg+xml,%3csvg%20xmlns%3d%22http%3a%2f%2fwww.w3.org%2f2000%2fsvg%22%20viewBox%3d%220%200%20512%20512%22%3e%3cpath%20d%3d%22M256%2c72C354%2c72%2c430%2c148%2c430%2c246C430%2c352%2c330%2c438%2c256%2c500C182%2c438%2c82%2c352%2c82%2c246C82%2c148%2c158%2c72%2c256%2c72Z%22%20fill%3d%22%23d64d4f%22%2f%3e%3ccircle%20cx%3d%22256%22%20cy%3d%22236%22%20r%3d%2282%22%20fill%3d%22%23fff6df%22%2f%3e%3cpath%20d%3d%22M216%2c236H296%22%20stroke%3d%22%238b3a35%22%20stroke-width%3d%2218%22%20stroke-linecap%3d%22round%22%2f%3e%3cpath%20d%3d%22M256%2c196V276%22%20stroke%3d%22%238b3a35%22%20stroke-width%3d%2218%22%20stroke-linecap%3d%22round%22%2f%3e%3c%2fsvg%3e';
SET @url_archive = 'data:image/svg+xml,%3csvg%20xmlns%3d%22http%3a%2f%2fwww.w3.org%2f2000%2fsvg%22%20viewBox%3d%220%200%201200%20760%22%3e%3crect%20width%3d%221200%22%20height%3d%22760%22%20rx%3d%2240%22%20fill%3d%22%23ead6b2%22%2f%3e%3crect%20x%3d%22140%22%20y%3d%22110%22%20width%3d%22920%22%20height%3d%22540%22%20rx%3d%2230%22%20fill%3d%22%23fff8eb%22%2f%3e%3cpath%20d%3d%22M240%2c218H948%22%20stroke%3d%22%235a4938%22%20stroke-width%3d%2218%22%20stroke-linecap%3d%22round%22%2f%3e%3cpath%20d%3d%22M240%2c298H900%22%20stroke%3d%22%238d775d%22%20stroke-width%3d%2210%22%20stroke-linecap%3d%22round%22%2f%3e%3cpath%20d%3d%22M240%2c360H962%22%20stroke%3d%22%238d775d%22%20stroke-width%3d%2210%22%20stroke-linecap%3d%22round%22%2f%3e%3ccircle%20cx%3d%22918%22%20cy%3d%22520%22%20r%3d%2284%22%20fill%3d%22%237c443d%22%2f%3e%3c%2fsvg%3e';
SET @url_activity = 'data:image/svg+xml,%3csvg%20xmlns%3d%22http%3a%2f%2fwww.w3.org%2f2000%2fsvg%22%20viewBox%3d%220%200%201200%20760%22%3e%3crect%20width%3d%221200%22%20height%3d%22760%22%20rx%3d%2240%22%20fill%3d%22%231a335f%22%2f%3e%3cpath%20d%3d%22M120%2c620L340%2c312L584%2c530L828%2c260L1080%2c620%22%20fill%3d%22none%22%20stroke%3d%22%23f3d792%22%20stroke-width%3d%2222%22%20stroke-linecap%3d%22round%22%20stroke-linejoin%3d%22round%22%2f%3e%3ccircle%20cx%3d%22340%22%20cy%3d%22312%22%20r%3d%2228%22%20fill%3d%22%23fff2c8%22%2f%3e%3ccircle%20cx%3d%22584%22%20cy%3d%22530%22%20r%3d%2228%22%20fill%3d%22%23fff2c8%22%2f%3e%3ccircle%20cx%3d%22828%22%20cy%3d%22260%22%20r%3d%2228%22%20fill%3d%22%23fff2c8%22%2f%3e%3c%2fsvg%3e';

DELETE FROM `content_assets` WHERE `id` BETWEEN 300001 AND 300010;
INSERT INTO `content_assets` (
  `id`, `asset_kind`, `bucket_name`, `region`, `object_key`, `canonical_url`, `mime_type`, `locale_code`,
  `original_filename`, `file_extension`, `upload_source`, `uploaded_by_admin_name`,
  `file_size_bytes`, `checksum`, `etag`, `processing_policy_code`, `processing_status`, `status`, `published_at`
)
VALUES
  (300001, 'image', 'seed', 'local', 'phase11/macau-fire/story-cover.svg', @url_story_cover, 'image/svg+xml', 'zh-Hant', 'macau-fire-story-cover.svg', 'svg', 'seed', 'phase11-seed', CHAR_LENGTH(@url_story_cover), SHA2(@url_story_cover, 256), 'seed-300001', 'seeded', 'stored', 'published', NOW()),
  (300002, 'image', 'seed', 'local', 'phase11/macau-fire/story-banner.svg', @url_story_banner, 'image/svg+xml', 'zh-Hant', 'macau-fire-story-banner.svg', 'svg', 'seed', 'phase11-seed', CHAR_LENGTH(@url_story_banner), SHA2(@url_story_banner, 256), 'seed-300002', 'seeded', 'stored', 'published', NOW()),
  (300003, 'image', 'seed', 'local', 'phase11/macau-fire/chapter-1.svg', @url_chapter_1, 'image/svg+xml', 'zh-Hant', 'macau-fire-chapter-1.svg', 'svg', 'seed', 'phase11-seed', CHAR_LENGTH(@url_chapter_1), SHA2(@url_chapter_1, 256), 'seed-300003', 'seeded', 'stored', 'published', NOW()),
  (300004, 'image', 'seed', 'local', 'phase11/macau-fire/chapter-2.svg', @url_chapter_2, 'image/svg+xml', 'zh-Hant', 'macau-fire-chapter-2.svg', 'svg', 'seed', 'phase11-seed', CHAR_LENGTH(@url_chapter_2), SHA2(@url_chapter_2, 256), 'seed-300004', 'seeded', 'stored', 'published', NOW()),
  (300005, 'image', 'seed', 'local', 'phase11/macau-fire/chapter-3.svg', @url_chapter_3, 'image/svg+xml', 'zh-Hant', 'macau-fire-chapter-3.svg', 'svg', 'seed', 'phase11-seed', CHAR_LENGTH(@url_chapter_3), SHA2(@url_chapter_3, 256), 'seed-300005', 'seeded', 'stored', 'published', NOW()),
  (300006, 'image', 'seed', 'local', 'phase11/macau-fire/chapter-4.svg', @url_chapter_4, 'image/svg+xml', 'zh-Hant', 'macau-fire-chapter-4.svg', 'svg', 'seed', 'phase11-seed', CHAR_LENGTH(@url_chapter_4), SHA2(@url_chapter_4, 256), 'seed-300006', 'seeded', 'stored', 'published', NOW()),
  (300007, 'image', 'seed', 'local', 'phase11/macau-fire/chapter-5.svg', @url_chapter_5, 'image/svg+xml', 'zh-Hant', 'macau-fire-chapter-5.svg', 'svg', 'seed', 'phase11-seed', CHAR_LENGTH(@url_chapter_5), SHA2(@url_chapter_5, 256), 'seed-300007', 'seeded', 'stored', 'published', NOW()),
  (300008, 'icon', 'seed', 'local', 'phase11/macau-fire/poi-pin.svg', @url_pin, 'image/svg+xml', 'zh-Hant', 'macau-fire-poi-pin.svg', 'svg', 'seed', 'phase11-seed', CHAR_LENGTH(@url_pin), SHA2(@url_pin, 256), 'seed-300008', 'seeded', 'stored', 'published', NOW()),
  (300009, 'image', 'seed', 'local', 'phase11/macau-fire/archive-card.svg', @url_archive, 'image/svg+xml', 'zh-Hant', 'macau-fire-archive-card.svg', 'svg', 'seed', 'phase11-seed', CHAR_LENGTH(@url_archive), SHA2(@url_archive, 256), 'seed-300009', 'seeded', 'stored', 'published', NOW()),
  (300010, 'image', 'seed', 'local', 'phase11/macau-fire/activity-card.svg', @url_activity, 'image/svg+xml', 'zh-Hant', 'macau-fire-activity-card.svg', 'svg', 'seed', 'phase11-seed', CHAR_LENGTH(@url_activity), SHA2(@url_activity, 256), 'seed-300010', 'seeded', 'stored', 'published', NOW());

SET @city_macau_id = (SELECT `id` FROM `cities` WHERE `code` = 'macau' LIMIT 1);
SET @sub_map_macau_peninsula_id = (SELECT `id` FROM `sub_maps` WHERE `code` = 'macau-peninsula' LIMIT 1);
SET @old_storyline_macau_fire_id = (SELECT `id` FROM `storylines` WHERE `code` = 'macau_fire_route' LIMIT 1);

DELETE FROM `content_relation_links` WHERE `owner_type` = 'storyline' AND `owner_id` = @old_storyline_macau_fire_id;
DELETE FROM `story_chapters` WHERE `id` IN (311001, 311002, 311003, 311004, 311005);
DELETE FROM `storylines` WHERE `code` = 'macau_fire_route';

INSERT INTO `storylines` (
  `city_id`, `code`, `name_zh`, `name_en`, `name_zht`, `name_pt`,
  `description_zh`, `description_en`, `description_zht`, `description_pt`,
  `estimated_minutes`, `difficulty`, `cover_asset_id`, `banner_asset_id`,
  `reward_badge_zh`, `reward_badge_en`, `reward_badge_zht`, `reward_badge_pt`,
  `status`, `sort_order`, `published_at`
)
VALUES (
  @city_macau_id, 'macau_fire_route',
  '濠江烽火：东西文明的战火与共生',
  'Macau Under Fire: Conflict and Coexistence',
  '濠江烽火：東西文明的戰火與共生',
  'Macau em Chamas: guerra e convivencia',
  '沿妈阁庙、亚婆井前地、岗顶剧院、大炮台与议事亭前地，重走澳门从海防对峙走向文明共生的步行故事。',
  'Walk from A-Ma Temple to Senado Square and trace how Macau moved from military tension to civic coexistence.',
  '沿媽閣廟、亞婆井前地、崗頂劇院、大炮台與議事亭前地，重走澳門從海防對峙走向文明共生的步行故事。',
  'Da A-Ma ao Largo do Senado, a rota mostra a passagem do confronto costeiro para a convivencia urbana.',
  165, 'medium', 300001, 300002,
  '要塞英雄', 'Fortress Hero', '要塞英雄', 'Heroi da Fortaleza',
  'published', 0, NOW()
);

SET @storyline_macau_fire_id = LAST_INSERT_ID();

INSERT INTO `content_relation_links` (
  `owner_type`, `owner_id`, `relation_type`, `target_type`, `target_id`, `target_code`, `metadata_json`, `sort_order`
)
VALUES
  ('storyline', @storyline_macau_fire_id, 'city_binding', 'city', @city_macau_id, 'macau', JSON_OBJECT('entryMode', 'primary'), 0),
  ('storyline', @storyline_macau_fire_id, 'sub_map_binding', 'sub_map', @sub_map_macau_peninsula_id, 'macau-peninsula', JSON_OBJECT('entryMode', 'historic-core'), 0),
  ('storyline', @storyline_macau_fire_id, 'attachment_asset', 'asset', 300009, 'phase11/macau-fire/archive-card.svg', JSON_OBJECT('label', '路线史料卡', 'kind', 'image'), 0),
  ('storyline', @storyline_macau_fire_id, 'attachment_asset', 'asset', 300010, 'phase11/macau-fire/activity-card.svg', JSON_OBJECT('label', '路线活动图', 'kind', 'image'), 1);

DELETE FROM `pois`
WHERE `code` IN ('ama_temple', 'lilau_square', 'dom_pedro_v_theatre', 'monte_fort', 'senado_square');

INSERT INTO `pois` (
  `city_id`, `sub_map_id`, `storyline_id`, `code`,
  `name_zh`, `name_en`, `name_zht`, `name_pt`,
  `subtitle_zh`, `subtitle_en`, `subtitle_zht`, `subtitle_pt`,
  `address_zh`, `address_en`, `address_zht`, `address_pt`,
  `source_coordinate_system`, `source_latitude`, `source_longitude`, `city_code`, `latitude`, `longitude`,
  `trigger_radius`, `manual_checkin_radius`, `stay_seconds`,
  `category_code`, `difficulty`,
  `district_zh`, `district_en`, `district_zht`, `district_pt`,
  `cover_asset_id`, `map_icon_asset_id`,
  `description_zh`, `description_en`, `description_zht`, `description_pt`,
  `intro_title_zh`, `intro_title_en`, `intro_title_zht`, `intro_title_pt`,
  `intro_summary_zh`, `intro_summary_en`, `intro_summary_zht`, `intro_summary_pt`,
  `popup_config_json`, `display_config_json`, `status`, `sort_order`, `published_at`, `_openid`
)
VALUES
  (@city_macau_id, @sub_map_macau_peninsula_id, @storyline_macau_fire_id, 'ama_temple', '妈阁庙', 'A-Ma Temple', '媽閣廟', 'Templo de A-Ma', '初战海岸', 'First shoreline clash', '初戰海岸', 'Primeira linha de confronto', '妈阁庙前地', 'Largo do Pagode da Barra', '媽閣廟前地', 'Largo do Pagode da Barra', 'GCJ02', 22.1868400, 113.5315900, 'macau', 22.1868400, 113.5315900, 60, 120, 40, 'temple', 'medium', '澳门半岛', 'Macau Peninsula', '澳門半島', 'Peninsula de Macau', 300003, 300008, '海风、香火与海防记忆在这里交叠，路线从最早的海岸对峙开始。', 'The route opens where incense, sea wind, and coastal defense memory overlap.', '海風、香火與海防記憶在這裡交疊，路線從最早的海岸對峙開始。', 'A rota abre onde incenso, vento do mar e defesa costeira se encontram.', '镜海初战', 'First Clash Across the Mirror Sea', '鏡海初戰', 'Primeiro confronto na enseada', '靠近妈阁庙时会触发开场剧情与古战场音景。', 'Approaching A-Ma triggers the opening scene and a shoreline soundscape.', '靠近媽閣廟時會觸發開場劇情與古戰場音景。', 'Ao aproximar-se de A-Ma, surge a cena de abertura e uma paisagem sonora antiga.', JSON_OBJECT('enabled', TRUE, 'mode', 'sheet', 'headline', '镜海初战'), JSON_OBJECT('showIntroPopup', TRUE, 'displayMode', 'story-card'), 'published', 1, NOW(), @seed_openid),
  (@city_macau_id, @sub_map_macau_peninsula_id, @storyline_macau_fire_id, 'lilau_square', '亚婆井前地', 'Lilau Square', '亞婆井前地', 'Largo do Lilau', '南湾界线', 'Boundary at the inner bay', '南灣界線', 'Linha da fronteira', '亚婆井前地', 'Largo do Lilau', '亞婆井前地', 'Largo do Lilau', 'GCJ02', 22.1852450, 113.5373910, 'macau', 22.1852450, 113.5373910, 55, 110, 35, 'historic-square', 'easy', '澳门半岛', 'Macau Peninsula', '澳門半島', 'Peninsula de Macau', 300004, 300008, '井、水、石墙与旧地图让边界被看见，也让拉锯成为故事核心。', 'Water, stone walls, and old maps make the boundary line visible here.', '井、水、石牆與舊地圖讓邊界被看見，也讓拉鋸成為故事核心。', 'Agua, muros e mapas antigos tornam visivel a fronteira silenciosa.', '南湾防线', 'The Southern Boundary Line', '南灣防線', 'A linha do sul', '停留与互动会解锁界线资料与下一章线索。', 'Staying and interacting here unlocks boundary material and the next clue.', '停留與互動會解鎖界線資料與下一章線索。', 'Ficar e interagir aqui desbloqueia material da fronteira e a pista seguinte.', JSON_OBJECT('enabled', TRUE, 'mode', 'sheet', 'headline', '南湾防线'), JSON_OBJECT('showIntroPopup', TRUE, 'displayMode', 'story-card'), 'published', 2, NOW(), @seed_openid),
  (@city_macau_id, @sub_map_macau_peninsula_id, @storyline_macau_fire_id, 'dom_pedro_v_theatre', '岗顶剧院', 'Dom Pedro V Theatre', '崗頂劇院', 'Teatro Dom Pedro V', '山城瞭望', 'Hilltop watchline', '山城瞭望', 'Vigia da colina', '岗顶前地', 'Largo de Santo Agostinho', '崗頂前地', 'Largo de Santo Agostinho', 'GCJ02', 22.1913260, 113.5404180, 'macau', 22.1913260, 113.5404180, 60, 120, 45, 'lookout', 'medium', '澳门半岛', 'Macau Peninsula', '澳門半島', 'Peninsula de Macau', 300005, 300008, '山城高地把剧院、修院与瞭望线叠在一起，形成新的紧张感。', 'The hill district layers theatre, mission, and lookout logic into one elevated scene.', '山城高地把劇院、修院與瞭望線疊在一起，形成新的緊張感。', 'A colina combina teatro, missao e vigia numa mesma cena elevada.', '山城戒备', 'Watch from the Hill', '山城戒備', 'Vigia na colina', '这里会开启瞭望点对照内容，夜间还能触发暗哨音景。', 'This stop opens the lookout comparison and an optional night audio vignette.', '這裡會開啟瞭望點對照內容，夜間還能觸發暗哨音景。', 'Aqui abre-se a comparacao da vigia e um audio noturno opcional.', JSON_OBJECT('enabled', TRUE, 'mode', 'sheet', 'headline', '山城戒备'), JSON_OBJECT('showIntroPopup', TRUE, 'displayMode', 'story-card'), 'published', 3, NOW(), @seed_openid),
  (@city_macau_id, @sub_map_macau_peninsula_id, @storyline_macau_fire_id, 'monte_fort', '大炮台', 'Monte Fort', '大炮台', 'Fortaleza do Monte', '炮台反击', 'Fortress counterfire', '炮台反擊', 'Contra-ataque da fortaleza', '大炮台街', 'Calcada das Verdades', '大炮台街', 'Calcada das Verdades', 'GCJ02', 22.1974760, 113.5407570, 'macau', 22.1974760, 113.5407570, 70, 140, 45, 'fortress', 'hard', '澳门半岛', 'Macau Peninsula', '澳門半島', 'Peninsula de Macau', 300006, 300008, '城墙、炮位与海面把一六二二年的战役重新拉回玩家眼前。', 'Walls, batteries, and the harbor bring the 1622 battle back into view.', '城牆、炮位與海面把一六二二年的戰役重新拉回玩家眼前。', 'Muralhas, baterias e mar devolvem a batalha de 1622 ao presente.', '炮台硝烟', 'Cannons Over the Harbor', '炮台硝煙', 'Canhoes sobre a enseada', '双炮位互动会触发战役回放，让第四章到达高潮。', 'A dual-battery interaction unlocks the battle recap and the route climax.', '雙炮位互動會觸發戰役回放，讓第四章到達高潮。', 'A interacao com duas baterias desbloqueia o resumo da batalha e o auge da rota.', JSON_OBJECT('enabled', TRUE, 'mode', 'sheet', 'headline', '炮台硝烟'), JSON_OBJECT('showIntroPopup', TRUE, 'displayMode', 'story-card'), 'published', 4, NOW(), @seed_openid),
  (@city_macau_id, @sub_map_macau_peninsula_id, @storyline_macau_fire_id, 'senado_square', '议事亭前地', 'Senado Square', '議事亭前地', 'Largo do Senado', '战后共生', 'Coexistence after the smoke', '戰後共生', 'Convivencia depois da fumaca', '议事亭前地', 'Largo do Senado', '議事亭前地', 'Largo do Senado', 'GCJ02', 22.1934650, 113.5392280, 'macau', 22.1934650, 113.5392280, 55, 120, 30, 'civic-square', 'easy', '澳门半岛', 'Macau Peninsula', '澳門半島', 'Peninsula de Macau', 300007, 300008, '终章把战火与边界收回到今日澳门的公共生活与共享节奏。', 'The finale resolves conflict and vigilance into present-day civic rhythm.', '終章把戰火與邊界收回到今日澳門的公共生活與共享節奏。', 'O final transforma guerra e fronteira em convivio urbano partilhado.', '烽烟落幕', 'The City After Smoke', '烽煙落幕', 'A cidade depois da fumaca', '这里会回顾全线并解锁最终奖励与分享海报。', 'This stop reviews the whole route and unlocks the final rewards.', '這裡會回顧全線並解鎖最終獎勵與分享海報。', 'Aqui a rota recapitula tudo e desbloqueia as recompensas finais.', JSON_OBJECT('enabled', TRUE, 'mode', 'sheet', 'headline', '烽烟落幕'), JSON_OBJECT('showIntroPopup', TRUE, 'displayMode', 'story-card'), 'published', 5, NOW(), @seed_openid);

SET @poi_ama_temple_id = (SELECT `id` FROM `pois` WHERE `code` = 'ama_temple' ORDER BY `id` DESC LIMIT 1);
SET @poi_lilau_square_id = (SELECT `id` FROM `pois` WHERE `code` = 'lilau_square' ORDER BY `id` DESC LIMIT 1);
SET @poi_dom_pedro_v_theatre_id = (SELECT `id` FROM `pois` WHERE `code` = 'dom_pedro_v_theatre' ORDER BY `id` DESC LIMIT 1);
SET @poi_monte_fort_id = (SELECT `id` FROM `pois` WHERE `code` = 'monte_fort' ORDER BY `id` DESC LIMIT 1);
SET @poi_senado_square_id = (SELECT `id` FROM `pois` WHERE `code` = 'senado_square' ORDER BY `id` DESC LIMIT 1);

INSERT INTO `story_chapters` (
  `id`, `storyline_id`, `chapter_order`,
  `title_zh`, `title_en`, `title_zht`, `title_pt`,
  `summary_zh`, `summary_en`, `summary_zht`, `summary_pt`,
  `detail_zh`, `detail_en`, `detail_zht`, `detail_pt`,
  `achievement_zh`, `achievement_en`, `achievement_zht`, `achievement_pt`,
  `collectible_zh`, `collectible_en`, `collectible_zht`, `collectible_pt`,
  `location_name_zh`, `location_name_en`, `location_name_zht`, `location_name_pt`,
  `media_asset_id`, `anchor_type`, `anchor_target_id`, `anchor_target_code`,
  `unlock_type`, `unlock_param_json`, `prerequisite_json`, `completion_json`, `reward_json`,
  `status`, `sort_order`, `published_at`, `_openid`
)
VALUES
  (311001, @storyline_macau_fire_id, 1, '第一章 镜海初战', 'Chapter 1: First Clash Across the Mirror Sea', '第一章 鏡海初戰', 'Capitulo 1: Primeiro confronto na enseada', '在妈阁庙回到澳门最早的海岸对峙。', 'Return to the earliest coastal confrontation at A-Ma Temple.', '在媽閣廟回到澳門最早的海岸對峙。', 'Regressa ao primeiro confronto costeiro em A-Ma.', '这一章用海风、香火与炮声打开路线，让玩家先看见澳门如何在海岸边界上开始讲述自己。', 'The route opens with sea wind, incense, and artillery memory to frame Macau at its first shoreline edge.', '這一章用海風、香火與炮聲打開路線，讓玩家先看見澳門如何在海岸邊界上開始講述自己。', 'O capitulo abre a rota com vento do mar, incenso e memoria de canhoes.', '解锁收集物“初见濠江”，并开启下一站。', 'Unlock the collectible "First Sight of Macau" and open the next stop.', '解鎖收集物「初見濠江」，並開啟下一站。', 'Desbloqueia o colecionavel "Primeira visao de Macau" e abre a etapa seguinte.', '初见濠江', 'First Sight of Macau', '初見濠江', 'Primeira visao de Macau', '妈阁庙', 'A-Ma Temple', '媽閣廟', 'Templo de A-Ma', 300003, 'poi', @poi_ama_temple_id, 'ama_temple', 'proximity', JSON_OBJECT('distanceMeters', 50, 'poiCode', 'ama_temple'), JSON_OBJECT('triggers', JSON_ARRAY(JSON_OBJECT('type', 'proximity', 'poiCode', 'ama_temple', 'distanceMeters', 50))), JSON_OBJECT('steps', JSON_ARRAY(JSON_OBJECT('type', 'read_story'), JSON_OBJECT('type', 'view_overlay', 'overlayCode', 'ming-warship')), 'unlockNextChapter', TRUE), JSON_OBJECT('collectibleCodes', JSON_ARRAY('collectible_first_sight_macau'), 'badgeCodes', JSON_ARRAY(), 'rewardCodes', JSON_ARRAY()), 'published', 1, NOW(), @seed_openid),
  (311002, @storyline_macau_fire_id, 2, '第二章 南湾防线', 'Chapter 2: The Southern Boundary Line', '第二章 南灣防線', 'Capitulo 2: A linha do sul', '在亚婆井前地看见安静却持久的边界。', 'See a quiet but lasting boundary at Lilau Square.', '在亞婆井前地看見安靜卻持久的邊界。', 'Ve a fronteira silenciosa e duradoura em Lilau.', '第二章让旧井、石墙与边界资料成为主角，让玩家理解澳门也曾在安静处承受最久的拉锯。', 'Old wells, walls, and boundary records become the main actors in this quieter chapter.', '第二章讓舊井、石牆與邊界資料成為主角，讓玩家理解澳門也曾在安靜處承受最久的拉鋸。', 'Poços, muros e arquivos tornam-se protagonistas deste capitulo mais silencioso.', '解锁“界线守护者”徽章条件，并推进下一章。', 'Unlock the badge path for "Keeper of the Boundary".', '解鎖「界線守護者」徽章條件，並推進下一章。', 'Desbloqueia o caminho da insignia "Guardiao da Fronteira".', '界线守护者', 'Keeper of the Boundary', '界線守護者', 'Guardiao da Fronteira', '亚婆井前地', 'Lilau Square', '亞婆井前地', 'Largo do Lilau', 300004, 'poi', @poi_lilau_square_id, 'lilau_square', 'sequence', JSON_OBJECT('requiresChapterOrder', 1), JSON_OBJECT('requiresChapterIds', JSON_ARRAY(311001)), JSON_OBJECT('steps', JSON_ARRAY(JSON_OBJECT('type', 'interact_overlay', 'overlayCode', 'old-boundary-marker'), JSON_OBJECT('type', 'stay_seconds', 'seconds', 10)), 'unlockNextChapter', TRUE), JSON_OBJECT('collectibleCodes', JSON_ARRAY('collectible_boundary_map_fragment'), 'badgeCodes', JSON_ARRAY('badge_boundary_keeper'), 'rewardCodes', JSON_ARRAY()), 'published', 2, NOW(), @seed_openid),
  (311003, @storyline_macau_fire_id, 3, '第三章 山城戒备', 'Chapter 3: Watch from the Hill', '第三章 山城戒備', 'Capitulo 3: Vigia na colina', '岗顶把宗教、教育与瞭望线叠成新的张力。', 'The hill district layers faith, culture, and lookout lines.', '崗頂把宗教、教育與瞭望線疊成新的張力。', 'A colina junta fe, cultura e vigia numa nova tensao.', '第三章把路线带上高处，让玩家从钟声、坡道与视线控制中看见澳门山城的隐性防线。', 'The route climbs uphill to reveal how the district watched both harbor and city.', '第三章把路線帶上高處，讓玩家從鐘聲、坡道與視線控制中看見澳門山城的隱性防線。', 'A rota sobe e mostra como a colina vigiava porto e cidade ao mesmo tempo.', '获得“山城瞭望者”观察札记，并解锁炮台高潮。', 'Gain the "Hill Watcher" log and unlock the fortress climax.', '獲得「山城瞭望者」觀察札記，並解鎖炮台高潮。', 'Recebe o caderno "Vigia da Colina" e desbloqueia o auge na fortaleza.', '山城瞭望者', 'Hill Watcher', '山城瞭望者', 'Vigia da Colina', '岗顶剧院', 'Dom Pedro V Theatre', '崗頂劇院', 'Teatro Dom Pedro V', 300005, 'poi', @poi_dom_pedro_v_theatre_id, 'dom_pedro_v_theatre', 'sequence', JSON_OBJECT('requiresChapterOrder', 2), JSON_OBJECT('requiresChapterIds', JSON_ARRAY(311001, 311002)), JSON_OBJECT('steps', JSON_ARRAY(JSON_OBJECT('type', 'view_overlay', 'overlayCode', 'hill-watchpoint'), JSON_OBJECT('type', 'time_window', 'segment', 'night', 'optional', TRUE)), 'unlockNextChapter', TRUE), JSON_OBJECT('collectibleCodes', JSON_ARRAY('collectible_hill_watch_log'), 'badgeCodes', JSON_ARRAY(), 'rewardCodes', JSON_ARRAY()), 'published', 3, NOW(), @seed_openid),
  (311004, @storyline_macau_fire_id, 4, '第四章 炮台硝烟', 'Chapter 4: Cannons Over the Harbor', '第四章 炮台硝煙', 'Capitulo 4: Canhoes sobre a enseada', '大炮台把一六二二年的炮火重新推回眼前。', 'Monte Fort pulls the 1622 cannon line back into the present.', '大炮台把一六二二年的炮火重新推回眼前。', 'A Fortaleza devolve os canhoes de 1622 ao presente.', '这一章是整条路线的高潮，城墙、炮位与海面重新对齐，让玩家直观看见守城与反击。', 'Walls, batteries, and the harbor align again to make the battle legible and immediate.', '這一章是整條路線的高潮，城牆、炮位與海面重新對齊，讓玩家直觀看見守城與反擊。', 'Este capitulo e o auge da rota, com muralhas, baterias e mar alinhados diante do utilizador.', '解锁“要塞英雄”徽章，并打开终章回顾。', 'Unlock the badge "Fortress Hero" and open the finale.', '解鎖「要塞英雄」徽章，並打開終章回顧。', 'Desbloqueia a insignia "Heroi da Fortaleza" e abre o final.', '要塞英雄', 'Fortress Hero', '要塞英雄', 'Heroi da Fortaleza', '大炮台', 'Monte Fort', '大炮台', 'Fortaleza do Monte', 300006, 'poi', @poi_monte_fort_id, 'monte_fort', 'sequence', JSON_OBJECT('requiresChapterOrder', 3), JSON_OBJECT('requiresChapterIds', JSON_ARRAY(311001, 311002, 311003)), JSON_OBJECT('steps', JSON_ARRAY(JSON_OBJECT('type', 'interact_overlay', 'overlayCode', 'cannon-fire'), JSON_OBJECT('type', 'visit_waypoints', 'count', 2, 'waypointCodes', JSON_ARRAY('fort-north-battery', 'fort-east-wall'))), 'unlockNextChapter', TRUE), JSON_OBJECT('collectibleCodes', JSON_ARRAY(), 'badgeCodes', JSON_ARRAY('badge_fortress_hero'), 'rewardCodes', JSON_ARRAY()), 'published', 4, NOW(), @seed_openid),
  (311005, @storyline_macau_fire_id, 5, '第五章 烽烟落幕', 'Chapter 5: The City After Smoke', '第五章 烽煙落幕', 'Capitulo 5: A cidade depois da fumaca', '议事亭前地让路线回到今日澳门的公共生活。', 'Senado Square resolves the route into present-day civic life.', '議事亭前地讓路線回到今日澳門的公共生活。', 'O Largo do Senado fecha a rota na vida publica atual de Macau.', '终章用步行声、广场与共享节奏收回前面几章的硝烟，并把整条路线变成档案与语音奖励。', 'The finale answers smoke with public space and turns the walk into archive and voice rewards.', '終章用步行聲、廣場與共享節奏收回前面幾章的硝煙，並把整條路線變成檔案與語音獎勵。', 'O final responde ao fumo com espaco publico e transforma a caminhada em arquivo e recompensa de voz.', '解锁“濠江通史档案”与 AI 战争主题语音包。', 'Unlock the route archive and the war-theme AI voice pack.', '解鎖「濠江通史檔案」與 AI 戰爭主題語音包。', 'Desbloqueia o arquivo da rota e o pacote de voz tematico.', '濠江通史档案', 'Macau Historical Archive', '濠江通史檔案', 'Arquivo Historico de Macau', '议事亭前地', 'Senado Square', '議事亭前地', 'Largo do Senado', 300007, 'poi', @poi_senado_square_id, 'senado_square', 'sequence', JSON_OBJECT('requiresChapterOrder', 4), JSON_OBJECT('requiresChapterIds', JSON_ARRAY(311001, 311002, 311003, 311004)), JSON_OBJECT('steps', JSON_ARRAY(JSON_OBJECT('type', 'auto_play_recap'), JSON_OBJECT('type', 'generate_share_poster')), 'unlockNextChapter', FALSE), JSON_OBJECT('collectibleCodes', JSON_ARRAY(), 'badgeCodes', JSON_ARRAY(), 'rewardCodes', JSON_ARRAY('reward_historic_archive', 'reward_war_voice_pack')), 'published', 5, NOW(), @seed_openid);

SET FOREIGN_KEY_CHECKS = 1;
